,keyword,url
0,习＋微薄,s.weibo.com/weibo/%25E4%25B9%25A0%25EF%25BC%258B%25E5%25BE%25AE%25E8%2596%2584
1,习＋评价＋江,s.weibo.com/weibo/%25E4%25B9%25A0%25EF%25BC%258B%25E8%25AF%2584%25E4%25BB%25B7%25EF%25BC%258B%25E6%25B1%259F
2,代開销售發嘌,s.weibo.com/weibo/%25E4%25BB%25A3%25E9%2596%258B%25E9%2594%2580%25E5%2594%25AE%25E7%2599%25BC%25E5%2598%258C
3,伪基站,s.weibo.com/weibo/%25E4%25BC%25AA%25E5%259F%25BA%25E7%25AB%2599
4,共慘黨強姦民意,s.weibo.com/weibo/%25E5%2585%25B1%25E6%2585%2598%25E9%25BB%25A8%25E5%25BC%25B7%25E5%25A7%25A6%25E6%25B0%2591%25E6%2584%258F
5,喷精,s.weibo.com/weibo/%25E5%2596%25B7%25E7%25B2%25BE
6,大纪元网址,s.weibo.com/weibo/%25E5%25A4%25A7%25E7%25BA%25AA%25E5%2585%2583%25E7%25BD%2591%25E5%259D%2580
7,天灭中共,s.weibo.com/weibo/%25E5%25A4%25A9%25E7%2581%25AD%25E4%25B8%25AD%25E5%2585%25B1
8,必须旗帜鲜明地反对动乱,s.weibo.com/weibo/%25E5%25BF%2585%25E9%25A1%25BB%25E6%2597%2597%25E5%25B8%259C%25E9%25B2%259C%25E6%2598%258E%25E5%259C%25B0%25E5%258F%258D%25E5%25AF%25B9%25E5%258A%25A8%25E4%25B9%25B1
9,江習鬥,s.weibo.com/weibo/%25E6%25B1%259F%25E7%25BF%2592%25E9%25AC%25A5
10,江ze民,s.weibo.com/weibo/%25E6%25B1%259Fze%25E6%25B0%2591
11,温佳宝,s.weibo.com/weibo/%25E6%25B8%25A9%25E4%25BD%25B3%25E5%25AE%259D
12,皇冠足球,s.weibo.com/weibo/%25E7%259A%2587%25E5%2586%25A0%25E8%25B6%25B3%25E7%2590%2583
13,美沙酮,s.weibo.com/weibo/%25E7%25BE%258E%25E6%25B2%2599%25E9%2585%25AE
14,舔穴,s.weibo.com/weibo/%25E8%2588%2594%25E7%25A9%25B4
15,蛤蛤,s.weibo.com/weibo/%25E8%259B%25A4%25E8%259B%25A4
16,裸干,s.weibo.com/weibo/%25E8%25A3%25B8%25E5%25B9%25B2
17,贾佳＋机场分局,s.weibo.com/weibo/%25E8%25B4%25BE%25E4%25BD%25B3%25EF%25BC%258B%25E6%259C%25BA%25E5%259C%25BA%25E5%2588%2586%25E5%25B1%2580
18,销售老板通讯录qq,s.weibo.com/weibo/%25E9%2594%2580%25E5%2594%25AE%25E8%2580%2581%25E6%259D%25BF%25E9%2580%259A%25E8%25AE%25AF%25E5%25BD%2595qq
19,销售车主名单,s.weibo.com/weibo/%25E9%2594%2580%25E5%2594%25AE%25E8%25BD%25A6%25E4%25B8%25BB%25E5%2590%258D%25E5%258D%2595
20,雷洋＋下跪,s.weibo.com/weibo/%25E9%259B%25B7%25E6%25B4%258B%25EF%25BC%258B%25E4%25B8%258B%25E8%25B7%25AA
21,驱除共匪,s.weibo.com/weibo/%25E9%25A9%25B1%25E9%2599%25A4%25E5%2585%25B1%25E5%258C%25AA
22,1989年5月35日,s.weibo.com/weibo/1989%25E5%25B9%25B45%25E6%259C%258835%25E6%2597%25A5
23,six—four,s.weibo.com/weibo/six%25E2%2580%2594four
24,zzy（指赵紫阳）,s.weibo.com/weibo/zzy%25EF%25BC%2588%25E6%258C%2587%25E8%25B5%25B5%25E7%25B4%25AB%25E9%2598%25B3%25EF%25BC%2589
25,供应氰化钠,s.weibo.com/weibo/%25E4%25BE%259B%25E5%25BA%2594%25E6%25B0%25B0%25E5%258C%2596%25E9%2592%25A0
26,剿滅共匪,s.weibo.com/weibo/%25E5%2589%25BF%25E6%25BB%2585%25E5%2585%25B1%25E5%258C%25AA
27,包帝习,s.weibo.com/weibo/%25E5%258C%2585%25E5%25B8%259D%25E4%25B9%25A0
28,含赵量,s.weibo.com/weibo/%25E5%2590%25AB%25E8%25B5%25B5%25E9%2587%258F
29,性虐待,s.weibo.com/weibo/%25E6%2580%25A7%25E8%2599%2590%25E5%25BE%2585
30,插我,s.weibo.com/weibo/%25E6%258F%2592%25E6%2588%2591
31,撸色,s.weibo.com/weibo/%25E6%2592%25B8%25E8%2589%25B2
32,春晚＋献媚,s.weibo.com/weibo/%25E6%2598%25A5%25E6%2599%259A%25EF%25BC%258B%25E7%258C%25AE%25E5%25AA%259A
33,dengjiagui,s.weibo.com/weibo/dengjiagui
34,liuxiaobo,s.weibo.com/weibo/liuxiaobo
35,一中一台,s.weibo.com/weibo/%25E4%25B8%2580%25E4%25B8%25AD%25E4%25B8%2580%25E5%258F%25B0
36,一党专制,s.weibo.com/weibo/%25E4%25B8%2580%25E5%2585%259A%25E4%25B8%2593%25E5%2588%25B6
37,一本道电影,s.weibo.com/weibo/%25E4%25B8%2580%25E6%259C%25AC%25E9%2581%2593%25E7%2594%25B5%25E5%25BD%25B1
38,专业制作高仿硅胶面具,s.weibo.com/weibo/%25E4%25B8%2593%25E4%25B8%259A%25E5%2588%25B6%25E4%25BD%259C%25E9%25AB%2598%25E4%25BB%25BF%25E7%25A1%2585%25E8%2583%25B6%25E9%259D%25A2%25E5%2585%25B7
39,专卖气狗,s.weibo.com/weibo/%25E4%25B8%2593%25E5%258D%2596%25E6%25B0%2594%25E7%258B%2597
40,中共土匪,s.weibo.com/weibo/%25E4%25B8%25AD%25E5%2585%25B1%25E5%259C%259F%25E5%258C%25AA
41,中共土匪起家,s.weibo.com/weibo/%25E4%25B8%25AD%25E5%2585%25B1%25E5%259C%259F%25E5%258C%25AA%25E8%25B5%25B7%25E5%25AE%25B6
42,中共色情网,s.weibo.com/weibo/%25E4%25B8%25AD%25E5%2585%25B1%25E8%2589%25B2%25E6%2583%2585%25E7%25BD%2591
43,中共色情网络,s.weibo.com/weibo/%25E4%25B8%25AD%25E5%2585%25B1%25E8%2589%25B2%25E6%2583%2585%25E7%25BD%2591%25E7%25BB%259C
44,中华共匪独裁国,s.weibo.com/weibo/%25E4%25B8%25AD%25E5%258D%258E%25E5%2585%25B1%25E5%258C%25AA%25E7%258B%25AC%25E8%25A3%2581%25E5%259B%25BD
45,九评孙悟空,s.weibo.com/weibo/%25E4%25B9%259D%25E8%25AF%2584%25E5%25AD%2599%25E6%2582%259F%25E7%25A9%25BA
46,习习蛤蛤,s.weibo.com/weibo/%25E4%25B9%25A0%25E4%25B9%25A0%25E8%259B%25A4%25E8%259B%25A4
47,习博士,s.weibo.com/weibo/%25E4%25B9%25A0%25E5%258D%259A%25E5%25A3%25AB
48,习夫人 苹果,s.weibo.com/weibo/%25E4%25B9%25A0%25E5%25A4%25AB%25E4%25BA%25BA%2520%25E8%258B%25B9%25E6%259E%259C
49,习头,s.weibo.com/weibo/%25E4%25B9%25A0%25E5%25A4%25B4
50,习明正,s.weibo.com/weibo/%25E4%25B9%25A0%25E6%2598%258E%25E6%25AD%25A3
51,习明泽,s.weibo.com/weibo/%25E4%25B9%25A0%25E6%2598%258E%25E6%25B3%25BD
52,习母,s.weibo.com/weibo/%25E4%25B9%25A0%25E6%25AF%258D
53,习狗,s.weibo.com/weibo/%25E4%25B9%25A0%25E7%258B%2597
54,习皇,s.weibo.com/weibo/%25E4%25B9%25A0%25E7%259A%2587
55,习近平与他的情人,s.weibo.com/weibo/%25E4%25B9%25A0%25E8%25BF%2591%25E5%25B9%25B3%25E4%25B8%258E%25E4%25BB%2596%25E7%259A%2584%25E6%2583%2585%25E4%25BA%25BA
56,习近平姐夫,s.weibo.com/weibo/%25E4%25B9%25A0%25E8%25BF%2591%25E5%25B9%25B3%25E5%25A7%2590%25E5%25A4%25AB
57,习近平将出席俄庆典与世界独裁暴政大会,s.weibo.com/weibo/%25E4%25B9%25A0%25E8%25BF%2591%25E5%25B9%25B3%25E5%25B0%2586%25E5%2587%25BA%25E5%25B8%25AD%25E4%25BF%2584%25E5%25BA%2586%25E5%2585%25B8%25E4%25B8%258E%25E4%25B8%2596%25E7%2595%258C%25E7%258B%25AC%25E8%25A3%2581%25E6%259A%25B4%25E6%2594%25BF%25E5%25A4%25A7%25E4%25BC%259A
58,习近平访哈萨克斯坦 独裁暴政升级,s.weibo.com/weibo/%25E4%25B9%25A0%25E8%25BF%2591%25E5%25B9%25B3%25E8%25AE%25BF%25E5%2593%2588%25E8%2590%25A8%25E5%2585%258B%25E6%2596%25AF%25E5%259D%25A6%2520%25E7%258B%25AC%25E8%25A3%2581%25E6%259A%25B4%25E6%2594%25BF%25E5%258D%2587%25E7%25BA%25A7
59,习近平＋彭家声,s.weibo.com/weibo/%25E4%25B9%25A0%25E8%25BF%2591%25E5%25B9%25B3%25EF%25BC%258B%25E5%25BD%25AD%25E5%25AE%25B6%25E5%25A3%25B0
60,习＋之江新军,s.weibo.com/weibo/%25E4%25B9%25A0%25EF%25BC%258B%25E4%25B9%258B%25E6%25B1%259F%25E6%2596%25B0%25E5%2586%259B
61,习＋女人,s.weibo.com/weibo/%25E4%25B9%25A0%25EF%25BC%258B%25E5%25A5%25B3%25E4%25BA%25BA
62,习＋妹夫,s.weibo.com/weibo/%25E4%25B9%25A0%25EF%25BC%258B%25E5%25A6%25B9%25E5%25A4%25AB
63,习＋朋友圈,s.weibo.com/weibo/%25E4%25B9%25A0%25EF%25BC%258B%25E6%259C%258B%25E5%258F%258B%25E5%259C%2588
64,习＋炸,s.weibo.com/weibo/%25E4%25B9%25A0%25EF%25BC%258B%25E7%2582%25B8
65,习＋皇帝,s.weibo.com/weibo/%25E4%25B9%25A0%25EF%25BC%258B%25E7%259A%2587%25E5%25B8%259D
66,习＋胡舒立,s.weibo.com/weibo/%25E4%25B9%25A0%25EF%25BC%258B%25E8%2583%25A1%25E8%2588%2592%25E7%25AB%258B
67,习＋蔡霞,s.weibo.com/weibo/%25E4%25B9%25A0%25EF%25BC%258B%25E8%2594%25A1%25E9%259C%259E
68,习 影帝,s.weibo.com/weibo/%25E4%25B9%25A0%2520%25E5%25BD%25B1%25E5%25B8%259D
69,习   挖坑,s.weibo.com/weibo/%25E4%25B9%25A0%2520%2520%2520%25E6%258C%2596%25E5%259D%2591
70,亚洲色图,s.weibo.com/weibo/%25E4%25BA%259A%25E6%25B4%25B2%25E8%2589%25B2%25E5%259B%25BE
71,人权奖,s.weibo.com/weibo/%25E4%25BA%25BA%25E6%259D%2583%25E5%25A5%2596
72,代办各种证件qq,s.weibo.com/weibo/%25E4%25BB%25A3%25E5%258A%259E%25E5%2590%2584%25E7%25A7%258D%25E8%25AF%2581%25E4%25BB%25B6qq
73,余少镭＋辞职,s.weibo.com/weibo/%25E4%25BD%2599%25E5%25B0%2591%25E9%2595%25AD%25EF%25BC%258B%25E8%25BE%259E%25E8%2581%258C
74,你妈逼里操金庸,s.weibo.com/weibo/%25E4%25BD%25A0%25E5%25A6%2588%25E9%2580%25BC%25E9%2587%258C%25E6%2593%258D%25E9%2587%2591%25E5%25BA%25B8
75,做爱插得浅,s.weibo.com/weibo/%25E5%2581%259A%25E7%2588%25B1%25E6%258F%2592%25E5%25BE%2597%25E6%25B5%2585
76,做爱要带照相机,s.weibo.com/weibo/%25E5%2581%259A%25E7%2588%25B1%25E8%25A6%2581%25E5%25B8%25A6%25E7%2585%25A7%25E7%259B%25B8%25E6%259C%25BA
77,光天化日＋前中共,s.weibo.com/weibo/%25E5%2585%2589%25E5%25A4%25A9%25E5%258C%2596%25E6%2597%25A5%25EF%25BC%258B%25E5%2589%258D%25E4%25B8%25AD%25E5%2585%25B1
78,共匪万寿无疆,s.weibo.com/weibo/%25E5%2585%25B1%25E5%258C%25AA%25E4%25B8%2587%25E5%25AF%25BF%25E6%2597%25A0%25E7%2596%2586
79,共匪下岗,s.weibo.com/weibo/%25E5%2585%25B1%25E5%258C%25AA%25E4%25B8%258B%25E5%25B2%2597
80,共匪偷騙色鬥,s.weibo.com/weibo/%25E5%2585%25B1%25E5%258C%25AA%25E5%2581%25B7%25E9%25A8%2599%25E8%2589%25B2%25E9%25AC%25A5
81,共惨 党,s.weibo.com/weibo/%25E5%2585%25B1%25E6%2583%25A8%2520%25E5%2585%259A
82,兲朝大法好,s.weibo.com/weibo/%25E5%2585%25B2%25E6%259C%259D%25E5%25A4%25A7%25E6%25B3%2595%25E5%25A5%25BD
83,兼职美女,s.weibo.com/weibo/%25E5%2585%25BC%25E8%2581%258C%25E7%25BE%258E%25E5%25A5%25B3
84,内蒙古独立,s.weibo.com/weibo/%25E5%2586%2585%25E8%2592%2599%25E5%258F%25A4%25E7%258B%25AC%25E7%25AB%258B
85,出售公司法人资料qq,s.weibo.com/weibo/%25E5%2587%25BA%25E5%2594%25AE%25E5%2585%25AC%25E5%258F%25B8%25E6%25B3%2595%25E4%25BA%25BA%25E8%25B5%2584%25E6%2596%2599qq
86,出售老板通讯录qq,s.weibo.com/weibo/%25E5%2587%25BA%25E5%2594%25AE%25E8%2580%2581%25E6%259D%25BF%25E9%2580%259A%25E8%25AE%25AF%25E5%25BD%2595qq
87,出售警用头盔,s.weibo.com/weibo/%25E5%2587%25BA%25E5%2594%25AE%25E8%25AD%25A6%25E7%2594%25A8%25E5%25A4%25B4%25E7%259B%2594
88,刁明泽,s.weibo.com/weibo/%25E5%2588%2581%25E6%2598%258E%25E6%25B3%25BD
89,刘云删,s.weibo.com/weibo/%25E5%2588%2598%25E4%25BA%2591%25E5%2588%25A0
90,刘明慧,s.weibo.com/weibo/%25E5%2588%2598%25E6%2598%258E%25E6%2585%25A7
91,办假驾照,s.weibo.com/weibo/%25E5%258A%259E%25E5%2581%2587%25E9%25A9%25BE%25E7%2585%25A7
92,办理真凭文,s.weibo.com/weibo/%25E5%258A%259E%25E7%2590%2586%25E7%259C%259F%25E5%2587%25AD%25E6%2596%2587
93,南周事件,s.weibo.com/weibo/%25E5%258D%2597%25E5%2591%25A8%25E4%25BA%258B%25E4%25BB%25B6
94,南昌大学食堂坍塌 共匪倒台,s.weibo.com/weibo/%25E5%258D%2597%25E6%2598%258C%25E5%25A4%25A7%25E5%25AD%25A6%25E9%25A3%259F%25E5%25A0%2582%25E5%259D%258D%25E5%25A1%258C%2520%25E5%2585%25B1%25E5%258C%25AA%25E5%2580%2592%25E5%258F%25B0
95,博狗,s.weibo.com/weibo/%25E5%258D%259A%25E7%258B%2597
96,博訊,s.weibo.com/weibo/%25E5%258D%259A%25E8%25A8%258A
97,反共产,s.weibo.com/weibo/%25E5%258F%258D%25E5%2585%25B1%25E4%25BA%25A7
98,名照＋调查,s.weibo.com/weibo/%25E5%2590%258D%25E7%2585%25A7%25EF%25BC%258B%25E8%25B0%2583%25E6%259F%25A5
99,吕加平,s.weibo.com/weibo/%25E5%2590%2595%25E5%258A%25A0%25E5%25B9%25B3
